--
-- PostgreSQL database dump
--

-- Dumped from database version 15.1
-- Dumped by pg_dump version 15.1

-- Started on 2022-11-28 09:56:32

SET statement_timeout = 0;
SET lock_timeout = 0;
SET idle_in_transaction_session_timeout = 0;
SET client_encoding = 'UTF8';
SET standard_conforming_strings = on;
SELECT pg_catalog.set_config('search_path', '', false);
SET check_function_bodies = false;
SET xmloption = content;
SET client_min_messages = warning;
SET row_security = off;

SET default_tablespace = '';

SET default_table_access_method = heap;

--
-- TOC entry 226 (class 1259 OID 17244)
-- Name: addresses; Type: TABLE; Schema: public; Owner: postgres
--

CREATE TABLE public.addresses (
    address_id integer NOT NULL,
    title character varying NOT NULL,
    customer_id integer NOT NULL,
    country_id integer,
    city_id integer,
    street_id integer
);


ALTER TABLE public.addresses OWNER TO postgres;

--
-- TOC entry 225 (class 1259 OID 17243)
-- Name: addresses_address_id_seq; Type: SEQUENCE; Schema: public; Owner: postgres
--

ALTER TABLE public.addresses ALTER COLUMN address_id ADD GENERATED ALWAYS AS IDENTITY (
    SEQUENCE NAME public.addresses_address_id_seq
    START WITH 1000
    INCREMENT BY 1
    NO MINVALUE
    NO MAXVALUE
    CACHE 1
);


--
-- TOC entry 248 (class 1259 OID 17390)
-- Name: basket_details; Type: TABLE; Schema: public; Owner: postgres
--

CREATE TABLE public.basket_details (
    basket_detail_id integer NOT NULL,
    product_id integer NOT NULL,
    quantity integer NOT NULL,
    basket_id integer NOT NULL
);


ALTER TABLE public.basket_details OWNER TO postgres;

--
-- TOC entry 247 (class 1259 OID 17389)
-- Name: basket_details_basket_detail_id_seq; Type: SEQUENCE; Schema: public; Owner: postgres
--

ALTER TABLE public.basket_details ALTER COLUMN basket_detail_id ADD GENERATED ALWAYS AS IDENTITY (
    SEQUENCE NAME public.basket_details_basket_detail_id_seq
    START WITH 6000
    INCREMENT BY 1
    NO MINVALUE
    NO MAXVALUE
    CACHE 1
);


--
-- TOC entry 246 (class 1259 OID 17379)
-- Name: baskets; Type: TABLE; Schema: public; Owner: postgres
--

CREATE TABLE public.baskets (
    basket_id integer NOT NULL,
    customer_id integer NOT NULL
);


ALTER TABLE public.baskets OWNER TO postgres;

--
-- TOC entry 245 (class 1259 OID 17378)
-- Name: baskets_basket_id_seq; Type: SEQUENCE; Schema: public; Owner: postgres
--

ALTER TABLE public.baskets ALTER COLUMN basket_id ADD GENERATED ALWAYS AS IDENTITY (
    SEQUENCE NAME public.baskets_basket_id_seq
    START WITH 4000
    INCREMENT BY 1
    NO MINVALUE
    NO MAXVALUE
    CACHE 1
);


--
-- TOC entry 215 (class 1259 OID 17199)
-- Name: brands; Type: TABLE; Schema: public; Owner: postgres
--

CREATE TABLE public.brands (
    brand_id integer NOT NULL,
    name character varying NOT NULL
);


ALTER TABLE public.brands OWNER TO postgres;

--
-- TOC entry 214 (class 1259 OID 17198)
-- Name: brands_brand_id_seq; Type: SEQUENCE; Schema: public; Owner: postgres
--

ALTER TABLE public.brands ALTER COLUMN brand_id ADD GENERATED ALWAYS AS IDENTITY (
    SEQUENCE NAME public.brands_brand_id_seq
    START WITH 1
    INCREMENT BY 1
    NO MINVALUE
    NO MAXVALUE
    CACHE 1
);


--
-- TOC entry 216 (class 1259 OID 17206)
-- Name: categories; Type: TABLE; Schema: public; Owner: postgres
--

CREATE TABLE public.categories (
    category_id integer NOT NULL,
    category_name character varying(30) NOT NULL,
    description text NOT NULL
);


ALTER TABLE public.categories OWNER TO postgres;

--
-- TOC entry 251 (class 1259 OID 17423)
-- Name: categories_category_id_seq; Type: SEQUENCE; Schema: public; Owner: postgres
--

ALTER TABLE public.categories ALTER COLUMN category_id ADD GENERATED ALWAYS AS IDENTITY (
    SEQUENCE NAME public.categories_category_id_seq
    START WITH 1
    INCREMENT BY 1
    NO MINVALUE
    NO MAXVALUE
    CACHE 1
);


--
-- TOC entry 244 (class 1259 OID 17363)
-- Name: categoryProduct; Type: TABLE; Schema: public; Owner: postgres
--

CREATE TABLE public."categoryProduct" (
    category_product_id integer NOT NULL,
    product_id integer NOT NULL,
    category_id integer NOT NULL
);


ALTER TABLE public."categoryProduct" OWNER TO postgres;

--
-- TOC entry 243 (class 1259 OID 17362)
-- Name: categoryProduct_category_product_id_seq; Type: SEQUENCE; Schema: public; Owner: postgres
--

ALTER TABLE public."categoryProduct" ALTER COLUMN category_product_id ADD GENERATED BY DEFAULT AS IDENTITY (
    SEQUENCE NAME public."categoryProduct_category_product_id_seq"
    START WITH 40
    INCREMENT BY 1
    NO MINVALUE
    NO MAXVALUE
    CACHE 1
);


--
-- TOC entry 230 (class 1259 OID 17260)
-- Name: cities; Type: TABLE; Schema: public; Owner: postgres
--

CREATE TABLE public.cities (
    city_id integer NOT NULL,
    city_name character varying NOT NULL
);


ALTER TABLE public.cities OWNER TO postgres;

--
-- TOC entry 229 (class 1259 OID 17259)
-- Name: cities_city_id_seq; Type: SEQUENCE; Schema: public; Owner: postgres
--

ALTER TABLE public.cities ALTER COLUMN city_id ADD GENERATED ALWAYS AS IDENTITY (
    SEQUENCE NAME public.cities_city_id_seq
    START WITH 1
    INCREMENT BY 1
    NO MINVALUE
    NO MAXVALUE
    CACHE 1
);


--
-- TOC entry 218 (class 1259 OID 17214)
-- Name: colors; Type: TABLE; Schema: public; Owner: postgres
--

CREATE TABLE public.colors (
    color_id integer NOT NULL,
    color_name character varying NOT NULL
);


ALTER TABLE public.colors OWNER TO postgres;

--
-- TOC entry 217 (class 1259 OID 17213)
-- Name: colors_color_id_seq; Type: SEQUENCE; Schema: public; Owner: postgres
--

ALTER TABLE public.colors ALTER COLUMN color_id ADD GENERATED ALWAYS AS IDENTITY (
    SEQUENCE NAME public.colors_color_id_seq
    START WITH 1
    INCREMENT BY 1
    NO MINVALUE
    NO MAXVALUE
    CACHE 1
);


--
-- TOC entry 228 (class 1259 OID 17252)
-- Name: countries; Type: TABLE; Schema: public; Owner: postgres
--

CREATE TABLE public.countries (
    country_id integer NOT NULL,
    country_name character varying NOT NULL
);


ALTER TABLE public.countries OWNER TO postgres;

--
-- TOC entry 227 (class 1259 OID 17251)
-- Name: countries_country_id_seq; Type: SEQUENCE; Schema: public; Owner: postgres
--

ALTER TABLE public.countries ALTER COLUMN country_id ADD GENERATED ALWAYS AS IDENTITY (
    SEQUENCE NAME public.countries_country_id_seq
    START WITH 1
    INCREMENT BY 1
    NO MINVALUE
    NO MAXVALUE
    CACHE 1
);


--
-- TOC entry 240 (class 1259 OID 17336)
-- Name: customers; Type: TABLE; Schema: public; Owner: postgres
--

CREATE TABLE public.customers (
    customer_id integer NOT NULL,
    first_name character varying NOT NULL,
    last_name character varying NOT NULL,
    email character varying NOT NULL,
    phone_number character varying NOT NULL,
    address_id integer
);


ALTER TABLE public.customers OWNER TO postgres;

--
-- TOC entry 239 (class 1259 OID 17335)
-- Name: customers_customer_id_seq; Type: SEQUENCE; Schema: public; Owner: postgres
--

ALTER TABLE public.customers ALTER COLUMN customer_id ADD GENERATED ALWAYS AS IDENTITY (
    SEQUENCE NAME public.customers_customer_id_seq
    START WITH 90
    INCREMENT BY 1
    NO MINVALUE
    NO MAXVALUE
    CACHE 1
);


--
-- TOC entry 234 (class 1259 OID 17311)
-- Name: deliveries; Type: TABLE; Schema: public; Owner: postgres
--

CREATE TABLE public.deliveries (
    delivery_id integer NOT NULL,
    order_id integer NOT NULL,
    shipping_company_id integer NOT NULL
);


ALTER TABLE public.deliveries OWNER TO postgres;

--
-- TOC entry 233 (class 1259 OID 17310)
-- Name: deliveries_delivery_id_seq; Type: SEQUENCE; Schema: public; Owner: postgres
--

ALTER TABLE public.deliveries ALTER COLUMN delivery_id ADD GENERATED ALWAYS AS IDENTITY (
    SEQUENCE NAME public.deliveries_delivery_id_seq
    START WITH 2000
    INCREMENT BY 1
    NO MINVALUE
    NO MAXVALUE
    CACHE 1
);


--
-- TOC entry 250 (class 1259 OID 17406)
-- Name: orderDetails; Type: TABLE; Schema: public; Owner: postgres
--

CREATE TABLE public."orderDetails" (
    order_detail_id integer NOT NULL,
    order_id integer NOT NULL,
    product_id integer NOT NULL
);


ALTER TABLE public."orderDetails" OWNER TO postgres;

--
-- TOC entry 249 (class 1259 OID 17405)
-- Name: orderDetails_order_detail_id_seq; Type: SEQUENCE; Schema: public; Owner: postgres
--

ALTER TABLE public."orderDetails" ALTER COLUMN order_detail_id ADD GENERATED ALWAYS AS IDENTITY (
    SEQUENCE NAME public."orderDetails_order_detail_id_seq"
    START WITH 1
    INCREMENT BY 1
    NO MINVALUE
    NO MAXVALUE
    CACHE 1
);


--
-- TOC entry 238 (class 1259 OID 17330)
-- Name: orders; Type: TABLE; Schema: public; Owner: postgres
--

CREATE TABLE public.orders (
    order_id integer NOT NULL,
    order_number integer NOT NULL,
    order_quantity integer NOT NULL,
    total_price money NOT NULL,
    customer_id integer NOT NULL
);


ALTER TABLE public.orders OWNER TO postgres;

--
-- TOC entry 237 (class 1259 OID 17329)
-- Name: orders_order_id_seq; Type: SEQUENCE; Schema: public; Owner: postgres
--

ALTER TABLE public.orders ALTER COLUMN order_id ADD GENERATED ALWAYS AS IDENTITY (
    SEQUENCE NAME public.orders_order_id_seq
    START WITH 100
    INCREMENT BY 1
    NO MINVALUE
    NO MAXVALUE
    CACHE 1
);


--
-- TOC entry 242 (class 1259 OID 17350)
-- Name: payments; Type: TABLE; Schema: public; Owner: postgres
--

CREATE TABLE public.payments (
    payment_id integer NOT NULL,
    bank_name character varying NOT NULL,
    card_number character varying NOT NULL,
    order_id integer NOT NULL
);


ALTER TABLE public.payments OWNER TO postgres;

--
-- TOC entry 241 (class 1259 OID 17349)
-- Name: payments_payment_id_seq; Type: SEQUENCE; Schema: public; Owner: postgres
--

ALTER TABLE public.payments ALTER COLUMN payment_id ADD GENERATED ALWAYS AS IDENTITY (
    SEQUENCE NAME public.payments_payment_id_seq
    START WITH 1
    INCREMENT BY 1
    NO MINVALUE
    NO MAXVALUE
    CACHE 1
);


--
-- TOC entry 220 (class 1259 OID 17222)
-- Name: product_infos; Type: TABLE; Schema: public; Owner: postgres
--

CREATE TABLE public.product_infos (
    product_info_id integer NOT NULL,
    brand_id integer NOT NULL,
    color_id integer NOT NULL,
    size_id integer NOT NULL,
    product_id integer NOT NULL
);


ALTER TABLE public.product_infos OWNER TO postgres;

--
-- TOC entry 219 (class 1259 OID 17221)
-- Name: product_infos_product_info_id_seq; Type: SEQUENCE; Schema: public; Owner: postgres
--

ALTER TABLE public.product_infos ALTER COLUMN product_info_id ADD GENERATED ALWAYS AS IDENTITY (
    SEQUENCE NAME public.product_infos_product_info_id_seq
    START WITH 50
    INCREMENT BY 1
    NO MINVALUE
    NO MAXVALUE
    CACHE 1
);


--
-- TOC entry 222 (class 1259 OID 17228)
-- Name: products; Type: TABLE; Schema: public; Owner: postgres
--

CREATE TABLE public.products (
    product_id integer NOT NULL,
    name character varying NOT NULL,
    stock integer NOT NULL,
    unit_price money NOT NULL
);


ALTER TABLE public.products OWNER TO postgres;

--
-- TOC entry 221 (class 1259 OID 17227)
-- Name: products_product_id_seq; Type: SEQUENCE; Schema: public; Owner: postgres
--

ALTER TABLE public.products ALTER COLUMN product_id ADD GENERATED ALWAYS AS IDENTITY (
    SEQUENCE NAME public.products_product_id_seq
    START WITH 200
    INCREMENT BY 1
    NO MINVALUE
    NO MAXVALUE
    CACHE 1
);


--
-- TOC entry 236 (class 1259 OID 17317)
-- Name: shippingCompanies; Type: TABLE; Schema: public; Owner: postgres
--

CREATE TABLE public."shippingCompanies" (
    shipping_company_id integer NOT NULL,
    company_name character varying NOT NULL
);


ALTER TABLE public."shippingCompanies" OWNER TO postgres;

--
-- TOC entry 235 (class 1259 OID 17316)
-- Name: shippingCompanies_shipping_company_id_seq; Type: SEQUENCE; Schema: public; Owner: postgres
--

ALTER TABLE public."shippingCompanies" ALTER COLUMN shipping_company_id ADD GENERATED ALWAYS AS IDENTITY (
    SEQUENCE NAME public."shippingCompanies_shipping_company_id_seq"
    START WITH 3000
    INCREMENT BY 1
    NO MINVALUE
    NO MAXVALUE
    CACHE 1
);


--
-- TOC entry 224 (class 1259 OID 17236)
-- Name: sizes; Type: TABLE; Schema: public; Owner: postgres
--

CREATE TABLE public.sizes (
    size_id integer NOT NULL,
    number character varying NOT NULL
);


ALTER TABLE public.sizes OWNER TO postgres;

--
-- TOC entry 223 (class 1259 OID 17235)
-- Name: sizes_size_id_seq; Type: SEQUENCE; Schema: public; Owner: postgres
--

ALTER TABLE public.sizes ALTER COLUMN size_id ADD GENERATED ALWAYS AS IDENTITY (
    SEQUENCE NAME public.sizes_size_id_seq
    START WITH 1
    INCREMENT BY 1
    NO MINVALUE
    NO MAXVALUE
    CACHE 1
);


--
-- TOC entry 232 (class 1259 OID 17268)
-- Name: streets; Type: TABLE; Schema: public; Owner: postgres
--

CREATE TABLE public.streets (
    street_id integer NOT NULL,
    street_name character varying NOT NULL
);


ALTER TABLE public.streets OWNER TO postgres;

--
-- TOC entry 231 (class 1259 OID 17267)
-- Name: streets_street_id_seq; Type: SEQUENCE; Schema: public; Owner: postgres
--

ALTER TABLE public.streets ALTER COLUMN street_id ADD GENERATED ALWAYS AS IDENTITY (
    SEQUENCE NAME public.streets_street_id_seq
    START WITH 1
    INCREMENT BY 1
    NO MINVALUE
    NO MAXVALUE
    CACHE 1
);


--
-- TOC entry 3475 (class 0 OID 17244)
-- Dependencies: 226
-- Data for Name: addresses; Type: TABLE DATA; Schema: public; Owner: postgres
--

INSERT INTO public.addresses (address_id, title, customer_id, country_id, city_id, street_id) OVERRIDING SYSTEM VALUE VALUES (1000, 'Ev', 90, 1, 1, 1);
INSERT INTO public.addresses (address_id, title, customer_id, country_id, city_id, street_id) OVERRIDING SYSTEM VALUE VALUES (1001, 'Ev', 91, 1, 2, 2);
INSERT INTO public.addresses (address_id, title, customer_id, country_id, city_id, street_id) OVERRIDING SYSTEM VALUE VALUES (1002, 'İş', 92, 1, 3, 3);
INSERT INTO public.addresses (address_id, title, customer_id, country_id, city_id, street_id) OVERRIDING SYSTEM VALUE VALUES (1003, 'İş', 93, 1, 4, 4);


--
-- TOC entry 3497 (class 0 OID 17390)
-- Dependencies: 248
-- Data for Name: basket_details; Type: TABLE DATA; Schema: public; Owner: postgres
--

INSERT INTO public.basket_details (basket_detail_id, product_id, quantity, basket_id) OVERRIDING SYSTEM VALUE VALUES (6006, 1, 1, 4000);
INSERT INTO public.basket_details (basket_detail_id, product_id, quantity, basket_id) OVERRIDING SYSTEM VALUE VALUES (6007, 4, 3, 4001);
INSERT INTO public.basket_details (basket_detail_id, product_id, quantity, basket_id) OVERRIDING SYSTEM VALUE VALUES (6008, 2, 1, 4002);
INSERT INTO public.basket_details (basket_detail_id, product_id, quantity, basket_id) OVERRIDING SYSTEM VALUE VALUES (6009, 3, 1, 4003);


--
-- TOC entry 3495 (class 0 OID 17379)
-- Dependencies: 246
-- Data for Name: baskets; Type: TABLE DATA; Schema: public; Owner: postgres
--

INSERT INTO public.baskets (basket_id, customer_id) OVERRIDING SYSTEM VALUE VALUES (4000, 93);
INSERT INTO public.baskets (basket_id, customer_id) OVERRIDING SYSTEM VALUE VALUES (4001, 90);
INSERT INTO public.baskets (basket_id, customer_id) OVERRIDING SYSTEM VALUE VALUES (4002, 91);
INSERT INTO public.baskets (basket_id, customer_id) OVERRIDING SYSTEM VALUE VALUES (4003, 92);
INSERT INTO public.baskets (basket_id, customer_id) OVERRIDING SYSTEM VALUE VALUES (4004, 93);


--
-- TOC entry 3464 (class 0 OID 17199)
-- Dependencies: 215
-- Data for Name: brands; Type: TABLE DATA; Schema: public; Owner: postgres
--

INSERT INTO public.brands (brand_id, name) OVERRIDING SYSTEM VALUE VALUES (3, 'Faber');
INSERT INTO public.brands (brand_id, name) OVERRIDING SYSTEM VALUE VALUES (1, 'Monster');
INSERT INTO public.brands (brand_id, name) OVERRIDING SYSTEM VALUE VALUES (2, 'Solen');
INSERT INTO public.brands (brand_id, name) OVERRIDING SYSTEM VALUE VALUES (4, 'Milka');
INSERT INTO public.brands (brand_id, name) OVERRIDING SYSTEM VALUE VALUES (5, 'Lee Co');


--
-- TOC entry 3465 (class 0 OID 17206)
-- Dependencies: 216
-- Data for Name: categories; Type: TABLE DATA; Schema: public; Owner: postgres
--

INSERT INTO public.categories (category_id, category_name, description) OVERRIDING SYSTEM VALUE VALUES (1, 'Teknoloji', 'Bilgisayar,Telefon, Akıllı saat');
INSERT INTO public.categories (category_id, category_name, description) OVERRIDING SYSTEM VALUE VALUES (2, 'Giyim', 'Kazak, Mont');
INSERT INTO public.categories (category_id, category_name, description) OVERRIDING SYSTEM VALUE VALUES (3, 'Spor', 'Bisiklet, golf, futbol');
INSERT INTO public.categories (category_id, category_name, description) OVERRIDING SYSTEM VALUE VALUES (4, 'Yiyecek', 'İçecek, Süt ürünleri, Kuruyemiş');
INSERT INTO public.categories (category_id, category_name, description) OVERRIDING SYSTEM VALUE VALUES (5, 'Kırtasiye', 'Kalem, Defter');


--
-- TOC entry 3493 (class 0 OID 17363)
-- Dependencies: 244
-- Data for Name: categoryProduct; Type: TABLE DATA; Schema: public; Owner: postgres
--

INSERT INTO public."categoryProduct" (category_product_id, product_id, category_id) VALUES (40, 1, 1);
INSERT INTO public."categoryProduct" (category_product_id, product_id, category_id) VALUES (41, 2, 4);
INSERT INTO public."categoryProduct" (category_product_id, product_id, category_id) VALUES (42, 3, 5);
INSERT INTO public."categoryProduct" (category_product_id, product_id, category_id) VALUES (43, 4, 4);
INSERT INTO public."categoryProduct" (category_product_id, product_id, category_id) VALUES (44, 5, 2);


--
-- TOC entry 3479 (class 0 OID 17260)
-- Dependencies: 230
-- Data for Name: cities; Type: TABLE DATA; Schema: public; Owner: postgres
--

INSERT INTO public.cities (city_id, city_name) OVERRIDING SYSTEM VALUE VALUES (1, 'istanbul');
INSERT INTO public.cities (city_id, city_name) OVERRIDING SYSTEM VALUE VALUES (2, 'Ankara');
INSERT INTO public.cities (city_id, city_name) OVERRIDING SYSTEM VALUE VALUES (3, 'Kocaeli');
INSERT INTO public.cities (city_id, city_name) OVERRIDING SYSTEM VALUE VALUES (4, 'Trabzon');
INSERT INTO public.cities (city_id, city_name) OVERRIDING SYSTEM VALUE VALUES (5, 'Berlin');


--
-- TOC entry 3467 (class 0 OID 17214)
-- Dependencies: 218
-- Data for Name: colors; Type: TABLE DATA; Schema: public; Owner: postgres
--

INSERT INTO public.colors (color_id, color_name) OVERRIDING SYSTEM VALUE VALUES (5, 'sarı');
INSERT INTO public.colors (color_id, color_name) OVERRIDING SYSTEM VALUE VALUES (6, 'krımızı
');
INSERT INTO public.colors (color_id, color_name) OVERRIDING SYSTEM VALUE VALUES (7, 'renksiz');
INSERT INTO public.colors (color_id, color_name) OVERRIDING SYSTEM VALUE VALUES (1, 'renksiz');
INSERT INTO public.colors (color_id, color_name) OVERRIDING SYSTEM VALUE VALUES (2, 'kırmızı');
INSERT INTO public.colors (color_id, color_name) OVERRIDING SYSTEM VALUE VALUES (3, 'yeşil');
INSERT INTO public.colors (color_id, color_name) OVERRIDING SYSTEM VALUE VALUES (4, 'beyaz');


--
-- TOC entry 3477 (class 0 OID 17252)
-- Dependencies: 228
-- Data for Name: countries; Type: TABLE DATA; Schema: public; Owner: postgres
--

INSERT INTO public.countries (country_id, country_name) OVERRIDING SYSTEM VALUE VALUES (1, 'Türkiye');
INSERT INTO public.countries (country_id, country_name) OVERRIDING SYSTEM VALUE VALUES (2, 'almanya');


--
-- TOC entry 3489 (class 0 OID 17336)
-- Dependencies: 240
-- Data for Name: customers; Type: TABLE DATA; Schema: public; Owner: postgres
--

INSERT INTO public.customers (customer_id, first_name, last_name, email, phone_number, address_id) OVERRIDING SYSTEM VALUE VALUES (90, 'okan', 'tasin', 'o@gmail.com
', '55566', 1000);
INSERT INTO public.customers (customer_id, first_name, last_name, email, phone_number, address_id) OVERRIDING SYSTEM VALUE VALUES (91, 'aytekin', 'batuhan', 'b@gmail.com', '554477', 1001);
INSERT INTO public.customers (customer_id, first_name, last_name, email, phone_number, address_id) OVERRIDING SYSTEM VALUE VALUES (92, 'kubra', 'sahin', 'k@gmail.com', '557778', 1002);
INSERT INTO public.customers (customer_id, first_name, last_name, email, phone_number, address_id) OVERRIDING SYSTEM VALUE VALUES (93, 'sametcan', 'sertman', 's@gmail.com', '556699', 1003);


--
-- TOC entry 3483 (class 0 OID 17311)
-- Dependencies: 234
-- Data for Name: deliveries; Type: TABLE DATA; Schema: public; Owner: postgres
--

INSERT INTO public.deliveries (delivery_id, order_id, shipping_company_id) OVERRIDING SYSTEM VALUE VALUES (2000, 100, 3000);
INSERT INTO public.deliveries (delivery_id, order_id, shipping_company_id) OVERRIDING SYSTEM VALUE VALUES (2001, 101, 3001);
INSERT INTO public.deliveries (delivery_id, order_id, shipping_company_id) OVERRIDING SYSTEM VALUE VALUES (2002, 102, 3002);
INSERT INTO public.deliveries (delivery_id, order_id, shipping_company_id) OVERRIDING SYSTEM VALUE VALUES (2003, 103, 3001);
INSERT INTO public.deliveries (delivery_id, order_id, shipping_company_id) OVERRIDING SYSTEM VALUE VALUES (2004, 104, 3000);


--
-- TOC entry 3499 (class 0 OID 17406)
-- Dependencies: 250
-- Data for Name: orderDetails; Type: TABLE DATA; Schema: public; Owner: postgres
--

INSERT INTO public."orderDetails" (order_detail_id, order_id, product_id) OVERRIDING SYSTEM VALUE VALUES (1, 100, 2);
INSERT INTO public."orderDetails" (order_detail_id, order_id, product_id) OVERRIDING SYSTEM VALUE VALUES (2, 101, 1);
INSERT INTO public."orderDetails" (order_detail_id, order_id, product_id) OVERRIDING SYSTEM VALUE VALUES (3, 102, 3);
INSERT INTO public."orderDetails" (order_detail_id, order_id, product_id) OVERRIDING SYSTEM VALUE VALUES (4, 104, 4);
INSERT INTO public."orderDetails" (order_detail_id, order_id, product_id) OVERRIDING SYSTEM VALUE VALUES (5, 103, 4);


--
-- TOC entry 3487 (class 0 OID 17330)
-- Dependencies: 238
-- Data for Name: orders; Type: TABLE DATA; Schema: public; Owner: postgres
--

INSERT INTO public.orders (order_id, order_number, order_quantity, total_price, customer_id) OVERRIDING SYSTEM VALUE VALUES (100, 45634, 1, '£20.00', 91);
INSERT INTO public.orders (order_id, order_number, order_quantity, total_price, customer_id) OVERRIDING SYSTEM VALUE VALUES (101, 12344, 2, '£2,000.00', 93);
INSERT INTO public.orders (order_id, order_number, order_quantity, total_price, customer_id) OVERRIDING SYSTEM VALUE VALUES (102, 78955, 1, '£80.00', 92);
INSERT INTO public.orders (order_id, order_number, order_quantity, total_price, customer_id) OVERRIDING SYSTEM VALUE VALUES (103, 12233, 1, '£22.00', 93);
INSERT INTO public.orders (order_id, order_number, order_quantity, total_price, customer_id) OVERRIDING SYSTEM VALUE VALUES (104, 45645, 3, '£66.00', 90);


--
-- TOC entry 3491 (class 0 OID 17350)
-- Dependencies: 242
-- Data for Name: payments; Type: TABLE DATA; Schema: public; Owner: postgres
--

INSERT INTO public.payments (payment_id, bank_name, card_number, order_id) OVERRIDING SYSTEM VALUE VALUES (1, 'Ziraat
', '798789', 100);
INSERT INTO public.payments (payment_id, bank_name, card_number, order_id) OVERRIDING SYSTEM VALUE VALUES (2, 'Akbank', '565455', 101);
INSERT INTO public.payments (payment_id, bank_name, card_number, order_id) OVERRIDING SYSTEM VALUE VALUES (3, 'Garanti', '123566', 102);
INSERT INTO public.payments (payment_id, bank_name, card_number, order_id) OVERRIDING SYSTEM VALUE VALUES (4, 'Halk
', '256114', 103);
INSERT INTO public.payments (payment_id, bank_name, card_number, order_id) OVERRIDING SYSTEM VALUE VALUES (5, 'Vakıfbank', '963542
', 104);


--
-- TOC entry 3469 (class 0 OID 17222)
-- Dependencies: 220
-- Data for Name: product_infos; Type: TABLE DATA; Schema: public; Owner: postgres
--

INSERT INTO public.product_infos (product_info_id, brand_id, color_id, size_id, product_id) OVERRIDING SYSTEM VALUE VALUES (50, 1, 2, 5, 1);
INSERT INTO public.product_infos (product_info_id, brand_id, color_id, size_id, product_id) OVERRIDING SYSTEM VALUE VALUES (51, 2, 1, 1, 2);
INSERT INTO public.product_infos (product_info_id, brand_id, color_id, size_id, product_id) OVERRIDING SYSTEM VALUE VALUES (52, 3, 4, 1, 3);
INSERT INTO public.product_infos (product_info_id, brand_id, color_id, size_id, product_id) OVERRIDING SYSTEM VALUE VALUES (53, 4, 1, 1, 4);
INSERT INTO public.product_infos (product_info_id, brand_id, color_id, size_id, product_id) OVERRIDING SYSTEM VALUE VALUES (54, 5, 3, 3, 5);


--
-- TOC entry 3471 (class 0 OID 17228)
-- Dependencies: 222
-- Data for Name: products; Type: TABLE DATA; Schema: public; Owner: postgres
--

INSERT INTO public.products (product_id, name, stock, unit_price) OVERRIDING SYSTEM VALUE VALUES (1, 'Tulpar', 8, '£1,000.00');
INSERT INTO public.products (product_id, name, stock, unit_price) OVERRIDING SYSTEM VALUE VALUES (2, 'Luppo', 500, '£20.00');
INSERT INTO public.products (product_id, name, stock, unit_price) OVERRIDING SYSTEM VALUE VALUES (3, 'Pastel boya', 20, '£5.00');
INSERT INTO public.products (product_id, name, stock, unit_price) OVERRIDING SYSTEM VALUE VALUES (4, 'cikolata', 24, '£10.00');
INSERT INTO public.products (product_id, name, stock, unit_price) OVERRIDING SYSTEM VALUE VALUES (5, 'mont', 50, '£200.00');


--
-- TOC entry 3485 (class 0 OID 17317)
-- Dependencies: 236
-- Data for Name: shippingCompanies; Type: TABLE DATA; Schema: public; Owner: postgres
--

INSERT INTO public."shippingCompanies" (shipping_company_id, company_name) OVERRIDING SYSTEM VALUE VALUES (3000, 'Aras');
INSERT INTO public."shippingCompanies" (shipping_company_id, company_name) OVERRIDING SYSTEM VALUE VALUES (3001, 'Surat');
INSERT INTO public."shippingCompanies" (shipping_company_id, company_name) OVERRIDING SYSTEM VALUE VALUES (3002, 'ptt');


--
-- TOC entry 3473 (class 0 OID 17236)
-- Dependencies: 224
-- Data for Name: sizes; Type: TABLE DATA; Schema: public; Owner: postgres
--

INSERT INTO public.sizes (size_id, number) OVERRIDING SYSTEM VALUE VALUES (1, 'boyutsuz');
INSERT INTO public.sizes (size_id, number) OVERRIDING SYSTEM VALUE VALUES (2, 's');
INSERT INTO public.sizes (size_id, number) OVERRIDING SYSTEM VALUE VALUES (3, 'm');
INSERT INTO public.sizes (size_id, number) OVERRIDING SYSTEM VALUE VALUES (4, 'l');
INSERT INTO public.sizes (size_id, number) OVERRIDING SYSTEM VALUE VALUES (5, 'xl');
INSERT INTO public.sizes (size_id, number) OVERRIDING SYSTEM VALUE VALUES (6, '36');
INSERT INTO public.sizes (size_id, number) OVERRIDING SYSTEM VALUE VALUES (7, '42');


--
-- TOC entry 3481 (class 0 OID 17268)
-- Dependencies: 232
-- Data for Name: streets; Type: TABLE DATA; Schema: public; Owner: postgres
--

INSERT INTO public.streets (street_id, street_name) OVERRIDING SYSTEM VALUE VALUES (1, 'cicek');
INSERT INTO public.streets (street_id, street_name) OVERRIDING SYSTEM VALUE VALUES (2, 'agac');
INSERT INTO public.streets (street_id, street_name) OVERRIDING SYSTEM VALUE VALUES (3, 'bocek
');
INSERT INTO public.streets (street_id, street_name) OVERRIDING SYSTEM VALUE VALUES (4, 'hanımeli');
INSERT INTO public.streets (street_id, street_name) OVERRIDING SYSTEM VALUE VALUES (5, 'killa hakan');


--
-- TOC entry 3506 (class 0 OID 0)
-- Dependencies: 225
-- Name: addresses_address_id_seq; Type: SEQUENCE SET; Schema: public; Owner: postgres
--

SELECT pg_catalog.setval('public.addresses_address_id_seq', 1003, true);


--
-- TOC entry 3507 (class 0 OID 0)
-- Dependencies: 247
-- Name: basket_details_basket_detail_id_seq; Type: SEQUENCE SET; Schema: public; Owner: postgres
--

SELECT pg_catalog.setval('public.basket_details_basket_detail_id_seq', 6017, true);


--
-- TOC entry 3508 (class 0 OID 0)
-- Dependencies: 245
-- Name: baskets_basket_id_seq; Type: SEQUENCE SET; Schema: public; Owner: postgres
--

SELECT pg_catalog.setval('public.baskets_basket_id_seq', 4004, true);


--
-- TOC entry 3509 (class 0 OID 0)
-- Dependencies: 214
-- Name: brands_brand_id_seq; Type: SEQUENCE SET; Schema: public; Owner: postgres
--

SELECT pg_catalog.setval('public.brands_brand_id_seq', 5, true);


--
-- TOC entry 3510 (class 0 OID 0)
-- Dependencies: 251
-- Name: categories_category_id_seq; Type: SEQUENCE SET; Schema: public; Owner: postgres
--

SELECT pg_catalog.setval('public.categories_category_id_seq', 5, true);


--
-- TOC entry 3511 (class 0 OID 0)
-- Dependencies: 243
-- Name: categoryProduct_category_product_id_seq; Type: SEQUENCE SET; Schema: public; Owner: postgres
--

SELECT pg_catalog.setval('public."categoryProduct_category_product_id_seq"', 44, true);


--
-- TOC entry 3512 (class 0 OID 0)
-- Dependencies: 229
-- Name: cities_city_id_seq; Type: SEQUENCE SET; Schema: public; Owner: postgres
--

SELECT pg_catalog.setval('public.cities_city_id_seq', 5, true);


--
-- TOC entry 3513 (class 0 OID 0)
-- Dependencies: 217
-- Name: colors_color_id_seq; Type: SEQUENCE SET; Schema: public; Owner: postgres
--

SELECT pg_catalog.setval('public.colors_color_id_seq', 7, true);


--
-- TOC entry 3514 (class 0 OID 0)
-- Dependencies: 227
-- Name: countries_country_id_seq; Type: SEQUENCE SET; Schema: public; Owner: postgres
--

SELECT pg_catalog.setval('public.countries_country_id_seq', 2, true);


--
-- TOC entry 3515 (class 0 OID 0)
-- Dependencies: 239
-- Name: customers_customer_id_seq; Type: SEQUENCE SET; Schema: public; Owner: postgres
--

SELECT pg_catalog.setval('public.customers_customer_id_seq', 93, true);


--
-- TOC entry 3516 (class 0 OID 0)
-- Dependencies: 233
-- Name: deliveries_delivery_id_seq; Type: SEQUENCE SET; Schema: public; Owner: postgres
--

SELECT pg_catalog.setval('public.deliveries_delivery_id_seq', 2004, true);


--
-- TOC entry 3517 (class 0 OID 0)
-- Dependencies: 249
-- Name: orderDetails_order_detail_id_seq; Type: SEQUENCE SET; Schema: public; Owner: postgres
--

SELECT pg_catalog.setval('public."orderDetails_order_detail_id_seq"', 5, true);


--
-- TOC entry 3518 (class 0 OID 0)
-- Dependencies: 237
-- Name: orders_order_id_seq; Type: SEQUENCE SET; Schema: public; Owner: postgres
--

SELECT pg_catalog.setval('public.orders_order_id_seq', 104, true);


--
-- TOC entry 3519 (class 0 OID 0)
-- Dependencies: 241
-- Name: payments_payment_id_seq; Type: SEQUENCE SET; Schema: public; Owner: postgres
--

SELECT pg_catalog.setval('public.payments_payment_id_seq', 5, true);


--
-- TOC entry 3520 (class 0 OID 0)
-- Dependencies: 219
-- Name: product_infos_product_info_id_seq; Type: SEQUENCE SET; Schema: public; Owner: postgres
--

SELECT pg_catalog.setval('public.product_infos_product_info_id_seq', 54, true);


--
-- TOC entry 3521 (class 0 OID 0)
-- Dependencies: 221
-- Name: products_product_id_seq; Type: SEQUENCE SET; Schema: public; Owner: postgres
--

SELECT pg_catalog.setval('public.products_product_id_seq', 200, false);


--
-- TOC entry 3522 (class 0 OID 0)
-- Dependencies: 235
-- Name: shippingCompanies_shipping_company_id_seq; Type: SEQUENCE SET; Schema: public; Owner: postgres
--

SELECT pg_catalog.setval('public."shippingCompanies_shipping_company_id_seq"', 3002, true);


--
-- TOC entry 3523 (class 0 OID 0)
-- Dependencies: 223
-- Name: sizes_size_id_seq; Type: SEQUENCE SET; Schema: public; Owner: postgres
--

SELECT pg_catalog.setval('public.sizes_size_id_seq', 7, true);


--
-- TOC entry 3524 (class 0 OID 0)
-- Dependencies: 231
-- Name: streets_street_id_seq; Type: SEQUENCE SET; Schema: public; Owner: postgres
--

SELECT pg_catalog.setval('public.streets_street_id_seq', 5, true);


--
-- TOC entry 3276 (class 2606 OID 17250)
-- Name: addresses addresses_pkey; Type: CONSTRAINT; Schema: public; Owner: postgres
--

ALTER TABLE ONLY public.addresses
    ADD CONSTRAINT addresses_pkey PRIMARY KEY (address_id);


--
-- TOC entry 3296 (class 2606 OID 17383)
-- Name: baskets baskets_pkey; Type: CONSTRAINT; Schema: public; Owner: postgres
--

ALTER TABLE ONLY public.baskets
    ADD CONSTRAINT baskets_pkey PRIMARY KEY (basket_id);


--
-- TOC entry 3264 (class 2606 OID 17205)
-- Name: brands brands_pkey; Type: CONSTRAINT; Schema: public; Owner: postgres
--

ALTER TABLE ONLY public.brands
    ADD CONSTRAINT brands_pkey PRIMARY KEY (brand_id);


--
-- TOC entry 3294 (class 2606 OID 17367)
-- Name: categoryProduct categoryProduct_pkey; Type: CONSTRAINT; Schema: public; Owner: postgres
--

ALTER TABLE ONLY public."categoryProduct"
    ADD CONSTRAINT "categoryProduct_pkey" PRIMARY KEY (category_product_id);


--
-- TOC entry 3280 (class 2606 OID 17266)
-- Name: cities cities_pkey; Type: CONSTRAINT; Schema: public; Owner: postgres
--

ALTER TABLE ONLY public.cities
    ADD CONSTRAINT cities_pkey PRIMARY KEY (city_id);


--
-- TOC entry 3268 (class 2606 OID 17220)
-- Name: colors colors_pkey; Type: CONSTRAINT; Schema: public; Owner: postgres
--

ALTER TABLE ONLY public.colors
    ADD CONSTRAINT colors_pkey PRIMARY KEY (color_id);


--
-- TOC entry 3278 (class 2606 OID 17258)
-- Name: countries countries_pkey; Type: CONSTRAINT; Schema: public; Owner: postgres
--

ALTER TABLE ONLY public.countries
    ADD CONSTRAINT countries_pkey PRIMARY KEY (country_id);


--
-- TOC entry 3290 (class 2606 OID 17342)
-- Name: customers customers_pkey; Type: CONSTRAINT; Schema: public; Owner: postgres
--

ALTER TABLE ONLY public.customers
    ADD CONSTRAINT customers_pkey PRIMARY KEY (customer_id);


--
-- TOC entry 3284 (class 2606 OID 17315)
-- Name: deliveries deliveries_pkey; Type: CONSTRAINT; Schema: public; Owner: postgres
--

ALTER TABLE ONLY public.deliveries
    ADD CONSTRAINT deliveries_pkey PRIMARY KEY (delivery_id);


--
-- TOC entry 3302 (class 2606 OID 17410)
-- Name: orderDetails orderDetails_pkey; Type: CONSTRAINT; Schema: public; Owner: postgres
--

ALTER TABLE ONLY public."orderDetails"
    ADD CONSTRAINT "orderDetails_pkey" PRIMARY KEY (order_detail_id);


--
-- TOC entry 3288 (class 2606 OID 17334)
-- Name: orders orders_pkey; Type: CONSTRAINT; Schema: public; Owner: postgres
--

ALTER TABLE ONLY public.orders
    ADD CONSTRAINT orders_pkey PRIMARY KEY (order_id);


--
-- TOC entry 3292 (class 2606 OID 17356)
-- Name: payments payments_pkey; Type: CONSTRAINT; Schema: public; Owner: postgres
--

ALTER TABLE ONLY public.payments
    ADD CONSTRAINT payments_pkey PRIMARY KEY (payment_id);


--
-- TOC entry 3298 (class 2606 OID 17447)
-- Name: basket_details pk_basket_detail_id; Type: CONSTRAINT; Schema: public; Owner: postgres
--

ALTER TABLE ONLY public.basket_details
    ADD CONSTRAINT pk_basket_detail_id PRIMARY KEY (basket_detail_id) INCLUDE (basket_detail_id);


--
-- TOC entry 3266 (class 2606 OID 17212)
-- Name: categories pk_categories; Type: CONSTRAINT; Schema: public; Owner: postgres
--

ALTER TABLE ONLY public.categories
    ADD CONSTRAINT pk_categories PRIMARY KEY (category_id);


--
-- TOC entry 3270 (class 2606 OID 17226)
-- Name: product_infos product_infos_pkey; Type: CONSTRAINT; Schema: public; Owner: postgres
--

ALTER TABLE ONLY public.product_infos
    ADD CONSTRAINT product_infos_pkey PRIMARY KEY (product_info_id);


--
-- TOC entry 3272 (class 2606 OID 17234)
-- Name: products products_pkey; Type: CONSTRAINT; Schema: public; Owner: postgres
--

ALTER TABLE ONLY public.products
    ADD CONSTRAINT products_pkey PRIMARY KEY (product_id);


--
-- TOC entry 3286 (class 2606 OID 17323)
-- Name: shippingCompanies shippingCompanies_pkey; Type: CONSTRAINT; Schema: public; Owner: postgres
--

ALTER TABLE ONLY public."shippingCompanies"
    ADD CONSTRAINT "shippingCompanies_pkey" PRIMARY KEY (shipping_company_id);


--
-- TOC entry 3274 (class 2606 OID 17242)
-- Name: sizes sizes_pkey; Type: CONSTRAINT; Schema: public; Owner: postgres
--

ALTER TABLE ONLY public.sizes
    ADD CONSTRAINT sizes_pkey PRIMARY KEY (size_id);


--
-- TOC entry 3282 (class 2606 OID 17274)
-- Name: streets streets_pkey; Type: CONSTRAINT; Schema: public; Owner: postgres
--

ALTER TABLE ONLY public.streets
    ADD CONSTRAINT streets_pkey PRIMARY KEY (street_id);


--
-- TOC entry 3300 (class 2606 OID 17451)
-- Name: basket_details unq_basket_id; Type: CONSTRAINT; Schema: public; Owner: postgres
--

ALTER TABLE ONLY public.basket_details
    ADD CONSTRAINT unq_basket_id UNIQUE (basket_id) INCLUDE (basket_id);


--
-- TOC entry 3317 (class 2606 OID 17434)
-- Name: basket_details FK_basket_id; Type: FK CONSTRAINT; Schema: public; Owner: postgres
--

ALTER TABLE ONLY public.basket_details
    ADD CONSTRAINT "FK_basket_id" FOREIGN KEY (basket_id) REFERENCES public.baskets(basket_id) NOT VALID;


--
-- TOC entry 3303 (class 2606 OID 17275)
-- Name: product_infos FK_brand_id; Type: FK CONSTRAINT; Schema: public; Owner: postgres
--

ALTER TABLE ONLY public.product_infos
    ADD CONSTRAINT "FK_brand_id" FOREIGN KEY (brand_id) REFERENCES public.brands(brand_id) NOT VALID;


--
-- TOC entry 3314 (class 2606 OID 17368)
-- Name: categoryProduct FK_category_id; Type: FK CONSTRAINT; Schema: public; Owner: postgres
--

ALTER TABLE ONLY public."categoryProduct"
    ADD CONSTRAINT "FK_category_id" FOREIGN KEY (category_id) REFERENCES public.categories(category_id);


--
-- TOC entry 3307 (class 2606 OID 17684)
-- Name: addresses FK_city_id; Type: FK CONSTRAINT; Schema: public; Owner: postgres
--

ALTER TABLE ONLY public.addresses
    ADD CONSTRAINT "FK_city_id" FOREIGN KEY (city_id) REFERENCES public.cities(city_id) NOT VALID;


--
-- TOC entry 3304 (class 2606 OID 17280)
-- Name: product_infos FK_color_id; Type: FK CONSTRAINT; Schema: public; Owner: postgres
--

ALTER TABLE ONLY public.product_infos
    ADD CONSTRAINT "FK_color_id" FOREIGN KEY (color_id) REFERENCES public.colors(color_id) NOT VALID;


--
-- TOC entry 3308 (class 2606 OID 17295)
-- Name: addresses FK_country_id; Type: FK CONSTRAINT; Schema: public; Owner: postgres
--

ALTER TABLE ONLY public.addresses
    ADD CONSTRAINT "FK_country_id" FOREIGN KEY (country_id) REFERENCES public.countries(country_id) NOT VALID;


--
-- TOC entry 3311 (class 2606 OID 17344)
-- Name: orders FK_customer_id; Type: FK CONSTRAINT; Schema: public; Owner: postgres
--

ALTER TABLE ONLY public.orders
    ADD CONSTRAINT "FK_customer_id" FOREIGN KEY (customer_id) REFERENCES public.customers(customer_id) NOT VALID;


--
-- TOC entry 3316 (class 2606 OID 17384)
-- Name: baskets FK_customer_id; Type: FK CONSTRAINT; Schema: public; Owner: postgres
--

ALTER TABLE ONLY public.baskets
    ADD CONSTRAINT "FK_customer_id" FOREIGN KEY (customer_id) REFERENCES public.customers(customer_id);


--
-- TOC entry 3313 (class 2606 OID 17357)
-- Name: payments FK_order_id; Type: FK CONSTRAINT; Schema: public; Owner: postgres
--

ALTER TABLE ONLY public.payments
    ADD CONSTRAINT "FK_order_id" FOREIGN KEY (order_id) REFERENCES public.orders(order_id);


--
-- TOC entry 3319 (class 2606 OID 17411)
-- Name: orderDetails FK_order_id; Type: FK CONSTRAINT; Schema: public; Owner: postgres
--

ALTER TABLE ONLY public."orderDetails"
    ADD CONSTRAINT "FK_order_id" FOREIGN KEY (order_id) REFERENCES public.orders(order_id);


--
-- TOC entry 3305 (class 2606 OID 17285)
-- Name: product_infos FK_product_id; Type: FK CONSTRAINT; Schema: public; Owner: postgres
--

ALTER TABLE ONLY public.product_infos
    ADD CONSTRAINT "FK_product_id" FOREIGN KEY (product_id) REFERENCES public.products(product_id) NOT VALID;


--
-- TOC entry 3315 (class 2606 OID 17373)
-- Name: categoryProduct FK_product_id; Type: FK CONSTRAINT; Schema: public; Owner: postgres
--

ALTER TABLE ONLY public."categoryProduct"
    ADD CONSTRAINT "FK_product_id" FOREIGN KEY (product_id) REFERENCES public.products(product_id);


--
-- TOC entry 3320 (class 2606 OID 17416)
-- Name: orderDetails FK_product_id; Type: FK CONSTRAINT; Schema: public; Owner: postgres
--

ALTER TABLE ONLY public."orderDetails"
    ADD CONSTRAINT "FK_product_id" FOREIGN KEY (product_id) REFERENCES public.products(product_id);


--
-- TOC entry 3318 (class 2606 OID 17439)
-- Name: basket_details FK_product_id; Type: FK CONSTRAINT; Schema: public; Owner: postgres
--

ALTER TABLE ONLY public.basket_details
    ADD CONSTRAINT "FK_product_id" FOREIGN KEY (product_id) REFERENCES public.products(product_id) NOT VALID;


--
-- TOC entry 3310 (class 2606 OID 17324)
-- Name: deliveries FK_shipping_company_id; Type: FK CONSTRAINT; Schema: public; Owner: postgres
--

ALTER TABLE ONLY public.deliveries
    ADD CONSTRAINT "FK_shipping_company_id" FOREIGN KEY (shipping_company_id) REFERENCES public."shippingCompanies"(shipping_company_id) NOT VALID;


--
-- TOC entry 3306 (class 2606 OID 17290)
-- Name: product_infos FK_size_id; Type: FK CONSTRAINT; Schema: public; Owner: postgres
--

ALTER TABLE ONLY public.product_infos
    ADD CONSTRAINT "FK_size_id" FOREIGN KEY (size_id) REFERENCES public.sizes(size_id) NOT VALID;


--
-- TOC entry 3309 (class 2606 OID 17689)
-- Name: addresses FK_street_id; Type: FK CONSTRAINT; Schema: public; Owner: postgres
--

ALTER TABLE ONLY public.addresses
    ADD CONSTRAINT "FK_street_id" FOREIGN KEY (street_id) REFERENCES public.streets(street_id) NOT VALID;


--
-- TOC entry 3312 (class 2606 OID 17679)
-- Name: customers fk_address_id; Type: FK CONSTRAINT; Schema: public; Owner: postgres
--

ALTER TABLE ONLY public.customers
    ADD CONSTRAINT fk_address_id FOREIGN KEY (address_id) REFERENCES public.addresses(address_id) NOT VALID;


-- Completed on 2022-11-28 09:56:32

--
-- PostgreSQL database dump complete
--

